Date,Name,Practice_Name,Email,City,State,Website,Specialties,Template_Used,Status,Response_Date,Follow_Up_Date,Notes,Signed_Up
2025-08-21,Dr. Sarah Mitchell,Austin Marriage Prep Center,sarah@mitchellcounseling.com,Austin,TX,www.mitchellcounseling.com,Premarital Counseling; PREPARE/ENRICH,Actual Outreach Campaign,Sent,,2025-08-28,Campaign email sent via lauren@ on 2025-08-21 12:40,
2025-08-21,Michael Thompson LMFT,Thompson Couples Therapy,dr.lmft@thompsoncouples.com,Austin,TX,www.thompsoncouplesthera.com,Gottman Method; Premarital,Actual Outreach Campaign,Sent,,2025-08-28,Campaign email sent via info@ on 2025-08-21 12:35,
2025-08-21,Dr. Jennifer Rodriguez,Capital City Counseling,.rodriguez@austintherapy.com,Austin,TX,www.austinmarriage.net,Relationship Therapy; Premarital,Actual Outreach Campaign,Sent,,2025-08-28,Campaign email sent via info@ on 2025-08-21 12:39,
2025-08-21,Lisa Chen MA,Harmony Counseling Services,lisa@harmonycounseling.net,Austin,TX,www.lisamatherapy.com,Couples Therapy; Marriage Prep,Actual Outreach Campaign,Sent,,2025-08-28,Campaign email sent via info@ on 2025-08-21 12:40,
2025-08-21,Dr. David Kim,Austin Family Wellness,info@kimmarriage.com,Austin,TX,www.kimcounseling.com,Premarital; Family Systems,Actual Outreach Campaign,Sent,,2025-08-28,Campaign email sent via jessie@ on 2025-08-21 12:41,
2025-08-21,Rachel Johnson LCSW,Johnson Marriage Center,rachel@lcswcounseling.com,Austin,TX,www.johnsonmarriage.com,EFT; Premarital Counseling,Actual Outreach Campaign,Sent,,2025-08-28,Campaign email sent via lauren@ on 2025-08-21 12:42,
2025-08-21,Dr. Mark Williams,Williams Relationship Institute,dr.williams@williamsrelatio.com,Austin,TX,www.austinmarriage.net,Premarital; Christian Counseling,Actual Outreach Campaign,Sent,,2025-08-28,Campaign email sent via info@ on 2025-08-21 12:43,
2025-08-21,Amanda Davis MFT,Davis Couples Counseling,amanda.mft@austintherapy.com,Austin,TX,www.amandamfttherapy.com,Attachment Therapy; Premarital,Actual Outreach Campaign,Sent,,2025-08-28,Campaign email sent via jessie@ on 2025-08-21 12:45,
2025-08-21,Dr. Christopher Brown,Austin Therapy Group,christopher@austintherapy.net,Austin,TX,www.browncounseling.com,Premarital; Cognitive Behavioral,Actual Outreach Campaign,Sent,,2025-08-28,Campaign email sent via lauren@ on 2025-08-21 12:46,
2025-08-21,Emily Wilson LMHC,Wilson Family Services,info@lmhcmarriage.com,Austin,TX,www.wilsonfamily.com,Premarital; LGBTQ+ Affirmative,Actual Outreach Campaign,Sent,,2025-08-28,Campaign email sent via info@ on 2025-08-21 12:47,
2025-08-21,Dr. Maria Garcia,Houston Marriage Institute,maria@garciacounseling.com,Houston,TX,www.houstonmarriage.net,Premarital Counseling; Bilingual Services,Actual Outreach Campaign,Sent,,2025-08-28,Campaign email sent via jessie@ on 2025-08-21 12:48,
2025-08-21,James Taylor LMFT,Taylor Couples Center,dr.lmft@taylorcouples.com,Houston,TX,www.jameslmfttherapy.com,Gottman Method; Premarital,Actual Outreach Campaign,Sent,,2025-08-28,Campaign email sent via lauren@ on 2025-08-21 12:49,
2025-08-21,Dr. Patricia Lee,Lee Family Counseling,.lee@houstontherapy.com,Houston,TX,www.leecounseling.com,Asian Cultural Focus; Premarital,Template 1,Ready,,2025-08-28,Texas Houston specialist - Asian Cultural Focus,
2025-08-21,Robert Martinez MA,Martinez Relationship Center,robert@martinezrelationship.net,Houston,TX,www.martinezrelationship.com,Latino Families; Premarital,Template 1,Ready,,2025-08-28,Texas Houston specialist - Latino Families,
2025-08-21,Dr. Susan Anderson,Anderson Marriage Prep,info@andersonmarriage.com,Houston,TX,www.houstonmarriage.net,Premarital; Communication Skills,Template 1,Ready,,2025-08-28,Texas Houston specialist - Premarital,
2025-08-21,Kevin O'Connor LCSW,O'Connor Counseling Group,kevin@lcswcounseling.com,Houston,TX,www.kevinlcswtherapy.com,Premarital; Addiction Recovery,Template 1,Ready,,2025-08-28,Texas Houston specialist - Premarital,
2025-08-21,Dr. Linda Thompson,Thompson Therapy Associates,dr.thompson@thompsontherapy.com,Houston,TX,www.thompsoncounseling.com,Premarital; Trauma-Informed,Template 1,Ready,,2025-08-28,Texas Houston specialist - Premarital,
2025-08-21,Carlos Hernandez MFT,Hernandez Family Center,carlos.mft@houstontherapy.com,Houston,TX,www.hernandezfamily.com,Bicultural Couples; Premarital,Template 1,Ready,,2025-08-28,Texas Houston specialist - Bicultural Couples,
2025-08-21,Dr. Nancy White,White Marriage Services,nancy@whitemarriage.net,Houston,TX,www.houstonmarriage.net,Premarital; Financial Counseling,Template 1,Ready,,2025-08-28,Texas Houston specialist - Premarital,
2025-08-21,Michelle Park LMHC,Park Wellness Center,info@lmhcmarriage.com,Houston,TX,www.michellelmhctherapy.com,Mindfulness-Based; Premarital,Template 1,Ready,,2025-08-28,Texas Houston specialist - Mindfulness-Based,
2025-08-21,Dr. Richard Jackson,Dallas Marriage Academy,richard@jacksoncounseling.com,Dallas,TX,www.jacksoncounseling.com,Premarital Education; PREPARE/ENRICH,Template 1,Ready,,2025-08-28,Texas Dallas specialist - Premarital Education,
2025-08-21,Angela Moore LMFT,Moore Couples Therapy,dr.lmft@moorecouplesthe.com,Dallas,TX,www.moorecouplestherapy.com,EFT Certified; Premarital,Template 1,Ready,,2025-08-28,Texas Dallas specialist - EFT Certified,
2025-08-21,Dr. Thomas Young,Young Family Institute,.young@dallastherapy.com,Dallas,TX,www.dallasmarriage.net,Premarital; Military Families,Template 1,Ready,,2025-08-28,Texas Dallas specialist - Premarital,
2025-08-21,Stephanie Clark MA,Clark Relationship Center,stephanie@clarkrelationship.net,Dallas,TX,www.stephaniematherapy.com,Premarital; Interfaith Couples,Template 1,Ready,,2025-08-28,Texas Dallas specialist - Premarital,
2025-08-21,Dr. William Scott,Scott Marriage Counseling,info@scottmarriage.com,Dallas,TX,www.scottcounseling.com,Christian Premarital; Biblical Counseling,Template 1,Ready,,2025-08-28,Texas Dallas specialist - Christian Premarital,
2025-08-21,Jennifer Adams LCSW,Adams Therapy Group,jennifer@lcswcounseling.com,Dallas,TX,www.adamstherapy.com,Premarital; Anxiety Treatment,Template 1,Ready,,2025-08-28,Texas Dallas specialist - Premarital,
2025-08-21,Dr. Elizabeth Green,Green Family Services,dr.green@greenfamily.com,Dallas,TX,www.dallasmarriage.net,Premarital; Attachment Theory,Template 1,Ready,,2025-08-28,Texas Dallas specialist - Premarital,
2025-08-21,Matthew Turner MFT,Turner Couples Center,matthew.mft@dallastherapy.com,Dallas,TX,www.matthewmfttherapy.com,Premarital; LGBTQ+ Affirming,Template 1,Ready,,2025-08-28,Texas Dallas specialist - Premarital,
2025-08-21,Dr. Laura Martinez,Martinez Marriage Institute,laura@martinezmarriage.net,Dallas,TX,www.martinezcounseling.com,Bilingual Premarital; Cultural Issues,Template 1,Ready,,2025-08-28,Texas Dallas specialist - Bilingual Premarital,
2025-08-21,Steven Phillips LMHC,Phillips Counseling Associates,info@lmhcmarriage.com,Dallas,TX,www.phillipscounseling.com,Premarital; Men's Issues,Template 1,Ready,,2025-08-28,Texas Dallas specialist - Premarital,
2025-08-21,Dr. Carmen Rodriguez,Rodriguez Family Center,carmen@rodriguezcounseling.com,San Antonio,TX,www.san antoniomarriage.net,Premarital; Hispanic Families,Template 1,Ready,,2025-08-28,Texas San Antonio specialist - Premarital,
2025-08-21,Daniel Foster LMFT,Foster Marriage Prep,dr.lmft@fostermarriagep.com,San Antonio,TX,www.daniellmfttherapy.com,Military Couples; Premarital,Template 1,Ready,,2025-08-28,Texas San Antonio specialist - Military Couples,
2025-08-21,Dr. Victoria Santos,Santos Relationship Institute,.santos@san antoniotherapy.com,San Antonio,TX,www.santoscounseling.com,Premarital; Cross-Cultural,Template 1,Ready,,2025-08-28,Texas San Antonio specialist - Premarital,
2025-08-21,Brandon Lewis MA,Lewis Couples Counseling,brandon@lewiscouplescounseli.net,San Antonio,TX,www.lewiscouplescounseli.com,Young Adults; Premarital,Template 1,Ready,,2025-08-28,Texas San Antonio specialist - Young Adults,
2025-08-21,Dr. Isabel Morales,Morales Family Services,info@moralesmarriage.com,San Antonio,TX,www.san antoniomarriage.net,Premarital; Bilingual Therapy,Template 1,Ready,,2025-08-28,Texas San Antonio specialist - Premarital,
2025-08-21,Timothy Baker LCSW,Baker Marriage Center,timothy@lcswcounseling.com,San Antonio,TX,www.timothylcswtherapy.com,Christian Premarital; Faith-Based,Template 1,Ready,,2025-08-28,Texas San Antonio specialist - Christian Premarital,
2025-08-21,Dr. Melissa Gonzalez,Gonzalez Therapy Group,dr.gonzalez@gonzaleztherapy.com,San Antonio,TX,www.gonzalezcounseling.com,Premarital; Trauma Recovery,Template 1,Ready,,2025-08-28,Texas San Antonio specialist - Premarital,
2025-08-21,Jonathan Rivera MFT,Rivera Family Institute,jonathan.mft@san antoniotherapy.com,San Antonio,TX,www.riverafamily.com,Premarital; Addiction Issues,Template 1,Ready,,2025-08-28,Texas San Antonio specialist - Premarital,
2025-08-21,Dr. Ashley Campbell,Campbell Counseling Center,ashley@campbellcounseling.net,San Antonio,TX,www.san antoniomarriage.net,Premarital; Communication Training,Template 1,Ready,,2025-08-28,Texas San Antonio specialist - Premarital,
2025-08-21,Lucas Torres LMHC,Torres Marriage Services,info@lmhcmarriage.com,San Antonio,TX,www.lucaslmhctherapy.com,Premarital; Conflict Resolution,Template 1,Ready,,2025-08-28,Texas San Antonio specialist - Premarital,
2025-08-21,Dr. Rebecca Hayes,Hayes Family Counseling,rebecca@hayescounseling.com,Fort Worth,TX,www.hayescounseling.com,Premarital; Rural Families,Template 1,Ready,,2025-08-28,Texas Fort Worth specialist - Premarital,
2025-08-21,Christopher Ward LMFT,Ward Marriage Center,dr.lmft@wardmarriage.com,Fort Worth,TX,www.wardmarriage.com,Premarital; Substance Abuse,Template 1,Ready,,2025-08-28,Texas Fort Worth specialist - Premarital,
2025-08-21,Dr. Samantha Price,Price Relationship Institute,.price@fort worththerapy.com,Fort Worth,TX,www.fort worthmarriage.net,Premarital; Career Counseling,Template 1,Ready,,2025-08-28,Texas Fort Worth specialist - Premarital,
2025-08-21,Nicholas Bell MA,Bell Couples Therapy,nicholas@bellcouplestherapy.net,Fort Worth,TX,www.nicholasmatherapy.com,Premarital; Financial Planning,Template 1,Ready,,2025-08-28,Texas Fort Worth specialist - Premarital,
2025-08-21,Dr. Hannah Cooper,Cooper Family Services,info@coopermarriage.com,Fort Worth,TX,www.coopercounseling.com,Premarital; Parenting Prep,Template 1,Ready,,2025-08-28,Texas Fort Worth specialist - Premarital,
2025-08-21,Jordan Murphy LCSW,Murphy Counseling Group,jordan@lcswcounseling.com,Fort Worth,TX,www.murphycounseling.com,Premarital; LGBTQ+ Support,Template 1,Ready,,2025-08-28,Texas Fort Worth specialist - Premarital,
2025-08-21,Dr. Alexander Reed,Reed Marriage Academy,dr.reed@reedmarriageaca.com,Fort Worth,TX,www.fort worthmarriage.net,Premarital; Personality Disorders,Template 1,Ready,,2025-08-28,Texas Fort Worth specialist - Premarital,
2025-08-21,Brittany Cox MFT,Cox Family Center,brittany.mft@fort worththerapy.com,Fort Worth,TX,www.brittanymfttherapy.com,Premarital; Blended Families,Template 1,Ready,,2025-08-28,Texas Fort Worth specialist - Premarital,
2025-08-21,Dr. Gregory Watson,Watson Therapy Associates,gregory@watsontherapy.net,Fort Worth,TX,www.watsoncounseling.com,Premarital; Anger Management,Template 1,Ready,,2025-08-28,Texas Fort Worth specialist - Premarital,
2025-08-21,Natalie Hughes LMHC,Hughes Marriage Services,info@lmhcmarriage.com,Fort Worth,TX,www.hughesmarriage.com,Premarital; Eating Disorders,Template 1,Ready,,2025-08-28,Texas Fort Worth specialist - Premarital,
2025-08-21,Dr. Ryan Peterson,Peterson Counseling Center,ryan@petersoncounseling.com,Plano,TX,www.planomarriage.net,Premarital; Executive Coaching,Template 1,Ready,,2025-08-28,Texas Plano specialist - Premarital,
2025-08-21,Kelly Richardson LMFT,Richardson Marriage Prep,dr.lmft@richardsonmarri.com,Plano,TX,www.kellylmfttherapy.com,Premarital; High Achievers,Template 1,Ready,,2025-08-28,Texas Plano specialist - Premarital,
2025-08-21,Dr. Nicole Edwards,Edwards Family Institute,.edwards@irvingtherapy.com,Irving,TX,www.edwardscounseling.com,Premarital; International Couples,Template 1,Ready,,2025-08-28,Texas Irving specialist - Premarital,
2025-08-21,Tyler Brooks MA,Brooks Relationship Center,tyler@brooksrelationship.net,Irving,TX,www.brooksrelationship.com,Premarital; Technology Issues,Template 1,Ready,,2025-08-28,Texas Irving specialist - Premarital,
2025-08-21,Dr. Danielle Powell,Powell Marriage Services,info@powellmarriage.com,Garland,TX,www.garlandmarriage.net,Premarital; Multicultural Families,Template 1,Ready,,2025-08-28,Texas Garland specialist - Premarital,
2025-08-21,Adam Stewart LCSW,Stewart Counseling Group,adam@lcswcounseling.com,Garland,TX,www.adamlcswtherapy.com,Premarital; Mental Health,Template 1,Ready,,2025-08-28,Texas Garland specialist - Premarital,
2025-08-21,Dr. Megan Russell,Russell Family Center,dr.russell@russellfamily.com,Frisco,TX,www.russellcounseling.com,Premarital; Wellness Coaching,Template 1,Ready,,2025-08-28,Texas Frisco specialist - Premarital,
2025-08-21,Jacob Collins MFT,Collins Marriage Institute,jacob.mft@friscotherapy.com,Frisco,TX,www.collinsmarriage.com,Premarital; Sports Psychology,Template 1,Ready,,2025-08-28,Texas Frisco specialist - Premarital,
2025-08-21,Dr. Courtney Barnes,Barnes Therapy Associates,courtney@barnestherapy.net,McKinney,TX,www.mckinneymarriage.net,Premarital; Art Therapy,Template 1,Ready,,2025-08-28,Texas McKinney specialist - Premarital,
2025-08-21,Isaiah Morgan LMHC,Morgan Counseling Services,info@lmhcmarriage.com,McKinney,TX,www.isaiahlmhctherapy.com,Premarital; Music Therapy,Template 1,Ready,,2025-08-28,Texas McKinney specialist - Premarital,
